tag,industry,count,score,note
financial services,Banking and Finance,0.003210,1,
consumer banking,Banking and Finance,0.002596,0,
banking big,Banking and Finance,0.002254,-1,
finance manager,Banking and Finance,0.000751,-1,
strategy transactions,Banking and Finance,0.000615,-1,
architect financial,Banking and Finance,0.000615,-1,
transaction services,Banking and Finance,0.000478,-1,
asset management,Banking and Finance,0.000478,-1,
credit risk,Banking and Finance,0.000478,-1,
engineer liquidity,Banking and Finance,0.000478,-1,
liquidity technology,Banking and Finance,0.000478,-1,
core banking,Banking and Finance,0.000410,-1,
cash management,Banking and Finance,0.000410,-1,
engineer payments,Banking and Finance,0.000410,-1,
manager restructuring,Banking and Finance,0.000410,-1,
risk compliance,Banking and Finance,0.000410,-1,
financial advisor,Banking and Finance,0.000342,-1,
banking group,Banking and Finance,0.000342,-1,
engineer finance,Banking and Finance,0.000342,-1,
trading mnc,Banking and Finance,0.000342,-1,
analyst credit,Banking and Finance,0.000342,-1,
wealth management,Banking and Finance,0.000342,-1,
middle office,Banking and Finance,0.000342,-1,
front office,Banking and Finance,0.000342,-1,
project manager,Consulting,0.033743,0,
business analyst,Consulting,0.014344,0,
data scientist,Consulting,0.010178,0,
business development,Consulting,0.008470,-1,
solution architect,Consulting,0.007582,0,
development manager,Consulting,0.007240,-1,
project engineer,Consulting,0.006079,1,
data analytics,Consulting,0.005874,1,
big data,Consulting,0.005601,1,
development engineer,Consulting,0.005601,1,
system analyst,Consulting,0.004781,0,
solutions architect,Consulting,0.004713,0,
machine learning,Consulting,0.004372,1,
delivery manager,Consulting,0.003689,-1,
program manager,Consulting,0.003347,-1,
data analyst,Consulting,0.003005,1,
technical consultant,Consulting,0.003005,1,
general manager,Consulting,0.002391,-1,
analytics operations,Consulting,0.002254,1,
technology consulting,Consulting,0.002117,-1,
business intelligence,Consulting,0.001913,1,
manager project,Consulting,0.001913,1,
data science,Consulting,0.001844,1,
functional consultant,Consulting,0.001844,0,
product development,Consulting,0.001844,0,
management consultant,Consulting,0.001708,0,
analytics technology,Consulting,0.001700,1,
business consultant,Consulting,0.001639,0,
computer vision,Consulting,0.001639,-1,
professional services,Consulting,0.001503,0,
solution consultant,Consulting,0.001434,0,
services consultant,Consulting,0.001366,0,
engineer data,Consulting,0.001366,1,
project management,Consulting,0.001366,0,
test development,Consulting,0.001298,1,
application analyst,Consulting,0.001230,0,
solutions engineer,Consulting,0.001161,0,
learning engineer,Consulting,0.001093,1,
bim manager,Consulting,0.001093,-1,
success manager,Consulting,0.001093,-1,
business consulting,Consulting,0.001093,0,
process development,Consulting,0.001093,0,
project officer,Consulting,0.001093,0,
agile coach,Consulting,0.001025,0,
business system,Consulting,0.001025,0,
consultant technology,Consulting,0.001025,0,
technology project,Consulting,0.001025,0,
application consultant,Consulting,0.001025,0,
engineer siem,Consulting,0.001025,-1,
deep learning,Consulting,0.000956,0,
product engineer,Consulting,0.000956,0,
solutions consultant,Consulting,0.000956,0,
artificial intelligence,Consulting,0.000956,0,
application manager,Consulting,0.000956,0,
intelligence ir,Consulting,0.000888,-1,
sharepoint developer,Consulting,0.000888,0,
risk assurance,Consulting,0.000888,0,
business manager,Consulting,0.000888,-1,
assurance engineer,Consulting,0.000820,0,
image processing,Consulting,0.000820,0,
integration engineer,Consulting,0.000820,0,
section manager,Consulting,0.000820,-1,
business process,Consulting,0.000751,0,
basis consultant,Consulting,0.000751,0,
dynamics crm,Consulting,0.000751,0,
management system,Consulting,0.000751,0,
dynamics business,Consulting,0.000700,0,
engineer ai,Consulting,0.000683,0,
mfg ai,Consulting,0.000683,1,
intelligence analyst,Consulting,0.000683,1,
services technology,Consulting,0.000683,0,
implementation engineer,Consulting,0.000683,0,
industry development,Consulting,0.000683,0,
managing consultant,Consulting,0.000615,0,
manager agile,Consulting,0.000615,-1,
implementation consultant,Consulting,0.000615,0,
consultant business,Consulting,0.000615,0,
programme manager,Consulting,0.000615,0,
consultant manager,Consulting,0.000615,0,
solutions manager,Consulting,0.000615,0,
de technology,Consulting,0.000600,0,
manager supply,Consulting,0.000600,-1,
project agile,Consulting,0.000546,0,
quality analyst,Consulting,0.000546,1,
signal processing,Consulting,0.000546,-1,
technical analyst,Consulting,0.000546,0,
project coordinator,Consulting,0.000546,0,
vision engineer,Consulting,0.000546,0,
technology development,Consulting,0.000546,1,
analytics manager,Consulting,0.000546,0,
business partner,Consulting,0.000546,0,
consulting engineer,Consulting,0.000546,0,
scientist data,Consulting,0.000546,1,
operations data,Consulting,0.000478,1,
consultant data,Consulting,0.000478,1,
advanced analytics,Consulting,0.000478,1,
solution manager,Consulting,0.000478,0,
social cognitive,Consulting,0.000478,0,
engineering consultant,Consulting,0.000478,1,
operations analyst,Consulting,0.000478,1,
language intelligence,Consulting,0.000478,0,
analyst group,Consulting,0.000478,1,
avp data,Consulting,0.000478,0,
consultant operations,Consulting,0.000478,1,
consultant project,Consulting,0.000478,1,
consultant technical,Consulting,0.000478,1,
technology consultant,Consulting,0.000478,0,
change management,Consulting,0.000478,1,
information system,Consulting,0.000478,0,
consulting manager,Consulting,0.000478,0,
design implementation,Consulting,0.000478,0,
deployment manager,Consulting,0.000478,-1,
compliance consultant,Consulting,0.000478,0,
development representative,Consulting,0.000478,0,
analyst machine,Consulting,0.000410,1,
process integration,Consulting,0.000410,0,
algorithm engineer,Consulting,0.000410,1,
data quality,Consulting,0.000410,1,
functional analyst,Consulting,0.000410,0,
product analyst,Consulting,0.000410,0,
analyst project,Consulting,0.000410,0,
visual intelligence,Consulting,0.000410,0,
account delivery,Consulting,0.000410,0,
assurance manager,Consulting,0.000410,0,
risk manager,Consulting,0.000410,0,
manager enterprise,Consulting,0.000410,-1,
design coordination,Consulting,0.000410,0,
manager strategy,Consulting,0.000410,0,
system development,Consulting,0.000410,0,
system design,Consulting,0.000410,1,
product design,Consulting,0.000410,0,
application technologist,Consulting,0.000410,0,
risk management,Consulting,0.000410,0,
technical product,Consulting,0.000410,0,
automation design,Consulting,0.000410,1,
analyst manager,Consulting,0.000410,-1,
business operations,Consulting,0.000342,1,
consultant advanced,Consulting,0.000342,0,
success css,Consulting,0.000342,0,
natural language,Consulting,0.000342,0,
language processing,Consulting,0.000342,0,
manager core,Consulting,0.000342,-1,
product strategy,Consulting,0.000342,0,
manager consulting,Consulting,0.000342,-1,
ai data,Consulting,0.000342,0,
technical service,Consulting,0.000342,0,
analytics engineer,Consulting,0.000342,1,
centre consultant,Consulting,0.000342,0,
analyst month,Consulting,0.000342,0,
systems manager,Consulting,0.000342,0,
business transformation,Consulting,0.000342,0,
sd consultant,Consulting,0.000342,0,
analyst system,Consulting,0.000342,-1,
grc consultant,Consulting,0.000342,0,
technical solutions,Consulting,0.000342,1,
program management,Consulting,0.000342,0,
analysis manager,Consulting,0.000342,-1,
service advisor,Consulting,0.000342,-1,
customer project,Consulting,0.000342,0,
modern workplace,Consulting,0.000342,0,
quantitative analyst,Consulting,0.000342,1,
analyst net,Consulting,0.000342,0,
design engineer,Engineering,0.011270,0,
engineering manager,Engineering,0.004577,-1,
test engineer,Engineering,0.003962,0,
technical manager,Engineering,0.003552,-1,
electrical engineer,Engineering,0.003484,-1,
service engineer,Engineering,0.002664,0,
technical officer,Engineering,0.002186,-1,
technical engineer,Engineering,0.001776,0,
engineer electrical,Engineering,0.001776,-1,
engineer manager,Engineering,0.001366,-1,
designer basic,Engineering,0.001300,0,
technical project,Engineering,0.001298,0,
field service,Engineering,0.001161,0,
developer project,Engineering,0.001093,1,
engineer lta,Engineering,0.001093,-1,
geotechnical engineer,Engineering,0.001093,-1,
electrical design,Engineering,0.000956,-1,
manager technical,Engineering,0.000888,-1,
techno functional,Engineering,0.000820,0,
physical design,Engineering,0.000820,-1,
electronic engineering,Engineering,0.000820,-1,
design manager,Engineering,0.000820,-1,
engineer ii,Engineering,0.000751,0,
experience designer,Engineering,0.000751,-1,
materials science,Engineering,0.000751,-1,
material science,Engineering,0.000751,-1,
technical superintendent,Engineering,0.000683,-1,
technical program,Engineering,0.000615,0,
design fe,Engineering,0.000615,-1,
robotics autonomous,Engineering,0.000615,-1,
de engineer,Engineering,0.000600,0,
engineer airport,Engineering,0.000546,-1,
engineer geotechnical,Engineering,0.000546,-1,
engineer job,Engineering,0.000546,0,
engineer permanent,Engineering,0.000546,0,
engineer camps,Engineering,0.000478,0,
airport project,Engineering,0.000478,-1,
lta projects,Engineering,0.000478,-1,
engineering background,Engineering,0.000410,1,
field engineer,Engineering,0.000410,0,
engineer bridge,Engineering,0.000410,-1,
cad engineer,Engineering,0.000410,-1,
management engineering,Engineering,0.000410,-1,
engineer kk,Engineering,0.000410,0,
bridge engineer,Engineering,0.000410,-1,
engineer design,Engineering,0.000410,0,
engineer building,Engineering,0.000410,0,
engineer project,Engineering,0.000410,0,
custom layout,Engineering,0.000410,0,
engineer general,Engineering,0.000342,0,
asset platform,Engineering,0.000342,-1,
engineer iv,Engineering,0.000342,0,
engineer infrastructure,Engineering,0.000342,-1,
engineer team,Engineering,0.000342,0,
engineering services,Engineering,0.000342,0,
industrial engineer,Engineering,0.000342,0,
manager engineer,Engineering,0.000342,0,
engineer qp,Engineering,0.000342,0,
management engineer,Engineering,0.000342,0,
product engineering,Engineering,0.000342,0,
scientist signal,Engineering,0.000342,0,
engineer service,Engineering,0.000342,0,
engineer rf,Engineering,0.000342,-1,
engineer technical,Engineering,0.000342,0,
engineer iii,Engineering,0.000342,0,
software engineer,IT,0.047199,1,
software developer,IT,0.012090,1,
java developer,IT,0.010587,-1,
full stack,IT,0.010314,-1,
devops engineer,IT,0.007582,1,
data engineer,IT,0.007514,1,
network engineer,IT,0.007514,-1,
security engineer,IT,0.006899,-1,
application developer,IT,0.006899,1,
cyber security,IT,0.006831,-1,
stack developer,IT,0.005738,-1,
system engineer,IT,0.005601,-1,
it security,IT,0.004986,-1,
automation engineer,IT,0.004508,1,
software development,IT,0.004303,1,
security consultant,IT,0.003689,-1,
infrastructure engineer,IT,0.003484,-1,
it project,IT,0.003279,-1,
computer science,IT,0.003210,-1,
systems engineer,IT,0.003210,-1,
java software,IT,0.003005,-1,
ux designer,IT,0.002801,-1,
application engineer,IT,0.002664,1,
engineer java,IT,0.002527,-1,
network security,IT,0.002527,-1,
embedded software,IT,0.002391,-1,
stack engineer,IT,0.002322,-1,
android developer,IT,0.002254,-1,
information technology,IT,0.002254,-1,
front end,IT,0.002254,-1,
net developer,IT,0.002117,-1,
it business,IT,0.002117,-1,
information security,IT,0.002049,-1,
cloud architect,IT,0.002049,1,
it engineer,IT,0.001981,-1,
engineer mobile,IT,0.001913,-1,
sap consultant,IT,0.001913,-1,
firmware engineer,IT,0.001844,-1,
software engineering,IT,0.001844,-1,
database administrator,IT,0.001844,-1,
cloud engineer,IT,0.001844,1,
control engineer,IT,0.001776,0,
system administrator,IT,0.001776,-1,
developer java,IT,0.001776,-1,
mobile developer,IT,0.001776,-1,
manager it,IT,0.001776,-1,
backend developer,IT,0.001708,1,
ui ux,IT,0.001708,-1,
manager data,IT,0.001639,-1,
data center,IT,0.001639,-1,
it manager,IT,0.001639,-1,
web developer,IT,0.001639,1,
backend engineer,IT,0.001571,1,
end developer,IT,0.001571,-1,
engineer backend,IT,0.001503,1,
test automation,IT,0.001434,1,
mobile engineer,IT,0.001434,-1,
ios android,IT,0.001434,-1,
mobile application,IT,0.001434,-1,
technical architect,IT,0.001366,-1,
mobile app,IT,0.001366,-1,
gaming good,IT,0.001300,-1,
electrical electronics,IT,0.001298,-1,
manager technology,IT,0.001298,-1,
fullstack developer,IT,0.001298,-1,
developer net,IT,0.001298,-1,
storage administrator,IT,0.001298,-1,
data architect,IT,0.001230,-1,
backend software,IT,0.001230,1,
frontend developer,IT,0.001230,-1,
sap abap,IT,0.001230,-1,
data centre,IT,0.001230,-1,
computing intelligence,IT,0.001161,-1,
microsoft dynamics,IT,0.001161,-1,
software test,IT,0.001161,-1,
systems analyst,IT,0.001161,-1,
it infrastructure,IT,0.001161,-1,
sap fico,IT,0.001093,-1,
engineer test,IT,0.001093,-1,
data management,IT,0.001093,-1,
security manager,IT,0.001093,-1,
back end,IT,0.001093,-1,
consultant it,IT,0.001093,-1,
engineer software,IT,0.001025,-1,
sap basis,IT,0.001025,-1,
security analyst,IT,0.001025,-1,
iot engineer,IT,0.001025,-1,
software architect,IT,0.001025,0,
architect middleware,IT,0.001025,-1,
it analyst,IT,0.001025,-1,
layout engineer,IT,0.000956,-1,
network infrastructure,IT,0.000956,0,
hardware engineer,IT,0.000956,-1,
react native,IT,0.000956,-1,
software qa,IT,0.000956,-1,
test manager,IT,0.000956,-1,
software stack,IT,0.000956,-1,
designer ux,IT,0.000888,-1,
ios developer,IT,0.000888,-1,
application development,IT,0.000888,1,
cloud security,IT,0.000888,-1,
application security,IT,0.000888,-1,
engineer cloud,IT,0.000888,1,
project software,IT,0.000888,-1,
manager digital,IT,0.000888,-1,
engineer network,IT,0.000888,-1,
cloud infrastructure,IT,0.000888,1,
wintel engineer,IT,0.000888,-1,
database admin,IT,0.000888,-1,
it application,IT,0.000888,-1,
technology operations,IT,0.000820,-1,
engineer devops,IT,0.000820,1,
engineer web,IT,0.000820,-1,
api developer,IT,0.000820,1,
user experience,IT,0.000820,-1,
software application,IT,0.000820,-1,
verification engineer,IT,0.000820,-1,
ui designer,IT,0.000820,-1,
engineer system,IT,0.000820,-1,
engineer aws,IT,0.000820,0,
sap sd,IT,0.000820,-1,
developer android,IT,0.000820,-1,
engineer core,IT,0.000820,-1,
fico consultant,IT,0.000820,-1,
security architect,IT,0.000820,-1,
software engineerjava,IT,0.000820,-1,
ui developer,IT,0.000820,-1,
consultant security,IT,0.000800,-1,
python developer,IT,0.000751,1,
frontend engineer,IT,0.000751,-1,
digital identity,IT,0.000751,-1,
national digital,IT,0.000751,-1,
sales consultant,IT,0.000751,-1,
analyst sap,IT,0.000751,-1,
architect technical,IT,0.000751,-1,
ux ui,IT,0.000751,-1,
infrastructure architect,IT,0.000751,-1,
developer software,IT,0.000751,1,
frontend software,IT,0.000751,-1,
engineer wintel,IT,0.000751,-1,
middleware engineer,IT,0.000751,-1,
computer engineering,IT,0.000751,-1,
manager cyber,IT,0.000751,-1,
platform engineer,IT,0.000751,-1,
microsoft azure,IT,0.000751,-1,
developer python,IT,0.000751,1,
it storage,IT,0.000751,-1,
cloud devops,IT,0.000751,1,
engineerjava perm,IT,0.000700,-1,
office technology,IT,0.000700,-1,
engineer product,IT,0.000683,0,
application designer,IT,0.000683,-1,
engineer ios,IT,0.000683,-1,
engineer firmware,IT,0.000683,-1,
cybersecurity ir,IT,0.000683,-1,
validation engineer,IT,0.000683,-1,
android ios,IT,0.000683,-1,
technology officer,IT,0.000683,-1,
stack software,IT,0.000683,-1,
engineer unix,IT,0.000683,-1,
security solutions,IT,0.000683,-1,
engineer frontend,IT,0.000683,-1,
manager infrastructure,IT,0.000683,-1,
etl developer,IT,0.000683,1,
analyst programmer,IT,0.000683,1,
azure aws,IT,0.000683,0,
digital transformation,IT,0.000615,0,
data developer,IT,0.000615,1,
rf design,IT,0.000615,-1,
manager test,IT,0.000615,-1,
wpf mvvm,IT,0.000615,-1,
engineer embedded,IT,0.000615,-1,
unified communications,IT,0.000615,-1,
end software,IT,0.000615,-1,
java jee,IT,0.000615,-1,
java backend,IT,0.000615,-1,
testing engineer,IT,0.000615,-1,
officer software,IT,0.000615,-1,
soc analyst,IT,0.000615,-1,
oracle database,IT,0.000615,-1,
test analyst,IT,0.000615,-1,
engineering blockchain,IT,0.000615,-1,
stack java,IT,0.000615,-1,
developer ios,IT,0.000615,-1,
analyst it,IT,0.000615,-1,
it consultant,IT,0.000615,0,
network operations,IT,0.000615,-1,
engineer python,IT,0.000546,1,
engineer digital,IT,0.000546,0,
manager software,IT,0.000546,-1,
processing computer,IT,0.000546,-1,
java full,IT,0.000546,-1,
salesforce developer,IT,0.000546,-1,
officer infocomm,IT,0.000546,-1,
automation tester,IT,0.000546,-1,
architect cloud,IT,0.000546,-1,
infocomm officer,IT,0.000546,-1,
software technical,IT,0.000546,-1,
engineer iiot,IT,0.000546,-1,
software mobile,IT,0.000546,-1,
reactjs developer,IT,0.000546,-1,
engineer linux,IT,0.000546,-1,
analog design,IT,0.000546,-1,
application architect,IT,0.000546,-1,
manager sap,IT,0.000546,-1,
web mobile,IT,0.000546,-1,
digital solutions,IT,0.000546,-1,
developer team,IT,0.000546,-1,
analyst java,IT,0.000546,-1,
rpa developer,IT,0.000546,-1,
it software,IT,0.000546,0,
it network,IT,0.000546,-1,
network administrator,IT,0.000546,-1,
abap consultant,IT,0.000546,-1,
engineer payment,IT,0.000546,-1,
web application,IT,0.000546,1,
it database,IT,0.000546,-1,
technology infrastructure,IT,0.000546,-1,
it system,IT,0.000546,-1,
engineer developer,IT,0.000478,1,
developer sharepoint,IT,0.000478,0,
computer system,IT,0.000478,-1,
mobile software,IT,0.000478,-1,
engineer cybersecurity,IT,0.000478,-1,
infrastructure cloud,IT,0.000478,-1,
technical delivery,IT,0.000478,-1,
engineer php,IT,0.000478,-1,
engineer radio,IT,0.000478,-1,
system validation,IT,0.000478,-1,
module engineering,IT,0.000478,-1,
engineer iot,IT,0.000478,-1,
testing commissioning,IT,0.000478,-1,
infrastructure manager,IT,0.000478,-1,
storage engineer,IT,0.000478,-1,
architectural coordinator,IT,0.000478,-1,
mcf sap,IT,0.000478,-1,
csv engineer,IT,0.000478,1,
engineer security,IT,0.000478,-1,
manager network,IT,0.000478,-1,
software consultant,IT,0.000478,-1,
digital ic,IT,0.000478,-1,
consultant cyber,IT,0.000478,-1,
developer full,IT,0.000478,-1,
native developer,IT,0.000478,-1,
engineer analog,IT,0.000478,-1,
manager cloud,IT,0.000478,-1,
devops architect,IT,0.000478,1,
engineer electronics,IT,0.000478,-1,
aural language,IT,0.000478,-1,
consultant sap,IT,0.000478,-1,
mnc software,IT,0.000478,-1,
autonomous systems,IT,0.000478,0,
mainframe developer,IT,0.000478,-1,
plsql developer,IT,0.000478,-1,
it systems,IT,0.000478,-1,
analytics software,IT,0.000478,0,
fullstack engineer,IT,0.000478,0,
netapp emc,IT,0.000478,-1,
engineer it,IT,0.000478,-1,
developer web,IT,0.000478,1,
it risk,IT,0.000478,-1,
cloud platform,IT,0.000478,1,
administrator netapp,IT,0.000478,-1,
it applications,IT,0.000478,-1,
analyst developer,IT,0.000410,0,
embedded system,IT,0.000410,-1,
enterprise architect,IT,0.000410,-1,
scientist computing,IT,0.000410,-1,
system integration,IT,0.000410,-1,
core transaction,IT,0.000410,-1,
php drupal,IT,0.000410,-1,
developer react,IT,0.000410,-1,
digital customer,IT,0.000410,-1,
software testing,IT,0.000410,-1,
desktop application,IT,0.000410,-1,
manager codex,IT,0.000410,-1,
storage backup,IT,0.000410,-1,
security operations,IT,0.000410,-1,
software engineers,IT,0.000410,-1,
digital services,IT,0.000410,-1,
engineer application,IT,0.000410,-1,
engineer level,IT,0.000410,-1,
engineer nodejs,IT,0.000410,-1,
engineering computer,IT,0.000410,-1,
design verification,IT,0.000410,-1,
delivery engineer,IT,0.000410,-1,
aws azure,IT,0.000410,0,
consultant application,IT,0.000410,-1,
consultant java,IT,0.000410,-1,
google cloud,IT,0.000410,-1,
hpc software,IT,0.000410,-1,
information systems,IT,0.000410,-1,
network deployment,IT,0.000410,-1,
developer mobile,IT,0.000410,-1,
communications engineer,IT,0.000410,-1,
core network,IT,0.000410,-1,
database engineer,IT,0.000410,-1,
sp digital,IT,0.000410,0,
cognitive computing,IT,0.000410,-1,
communications networks,IT,0.000410,-1,
infrastructure security,IT,0.000410,-1,
network design,IT,0.000410,-1,
data engineering,IT,0.000410,1,
cloud solution,IT,0.000410,1,
data protection,IT,0.000410,-1,
consultant cloud,IT,0.000410,-1,
python django,IT,0.000410,1,
sap successfactors,IT,0.000410,-1,
dba consultant,IT,0.000410,-1,
software tester,IT,0.000410,0,
embedded systems,IT,0.000410,-1,
hardware design,IT,0.000410,-1,
mcsa oracle,IT,0.000410,-1,
oracle microsoft,IT,0.000410,-1,
network system,IT,0.000410,-1,
bi developer,IT,0.000410,0,
it service,IT,0.000410,-1,
networks ir,IT,0.000410,-1,
digital design,IT,0.000410,0,
developer nodejs,IT,0.000410,-1,
software quality,IT,0.000410,-1,
network consultant,IT,0.000410,-1,
engineer automation,IT,0.000342,1,
manager applications,IT,0.000342,-1,
validation csv,IT,0.000342,1,
static asset,IT,0.000342,-1,
test validation,IT,0.000342,-1,
software implementation,IT,0.000342,-1,
fiori consultant,IT,0.000342,-1,
engineer enterprise,IT,0.000342,-1,
engineer gaming,IT,0.000342,-1,
engineer ic,IT,0.000342,-1,
engineer systems,IT,0.000342,-1,
etl datastage,IT,0.000342,-1,
application acrc,IT,0.000342,-1,
applications engineer,IT,0.000342,-1,
firmware development,IT,0.000342,-1,
rd software,IT,0.000342,-1,
react js,IT,0.000342,-1,
sap business,IT,0.000342,-1,
sap fiori,IT,0.000342,-1,
group wd,IT,0.000342,-1,
nand flash,IT,0.000342,-1,
mobile android,IT,0.000342,-1,
mobile ios,IT,0.000342,-1,
embedded engineer,IT,0.000342,-1,
consultant microsoft,IT,0.000342,-1,
linux administrator,IT,0.000342,-1,
developers swift,IT,0.000342,-1,
java application,IT,0.000342,-1,
sap hcm,IT,0.000342,-1,
stack web,IT,0.000342,-1,
application deployment,IT,0.000342,0,
cloud computing,IT,0.000342,1,
cloud engineering,IT,0.000342,1,
device technology,IT,0.000342,-1,
devops cloud,IT,0.000342,1,
it sales,IT,0.000342,-1,
application team,IT,0.000342,0,
net application,IT,0.000342,-1,
network service,IT,0.000342,-1,
embedded functional,IT,0.000342,-1,
network manager,IT,0.000342,-1,
software manager,IT,0.000342,-1,
papyrus developer,IT,0.000342,-1,
devops application,IT,0.000342,1,
halcon wpf,IT,0.000342,-1,
it operations,IT,0.000342,-1,
java business,IT,0.000342,-1,
it supply,IT,0.000342,-1,
dev ops,IT,0.000342,1,
linux engineer,IT,0.000342,-1,
abap developer,IT,0.000342,-1,
cyber researcher,IT,0.000342,-1,
radio frequency,IT,0.000342,-1,
developers java,IT,0.000342,-1,
viewpoint cloud,IT,0.000342,-1,
sap logistics,IT,0.000342,-1,
security services,IT,0.000342,-1,
js developer,IT,0.000342,-1,
functional test,IT,0.000342,-1,
engineer telco,IT,0.000342,-1,
sap fi,IT,0.000342,-1,
ios developers,IT,0.000342,-1,
architect smart,IT,0.000342,-1,
device engineer,IT,0.000342,-1,
aem developer,IT,0.000342,-1,
android developers,IT,0.000342,-1,
linux unix,IT,0.000342,-1,
microservices developer,IT,0.000342,-1,
java project,IT,0.000342,-1,
tech net,IT,0.000342,0,
it solution,IT,0.000342,-1,
analog ic,IT,0.000342,-1,
app developer,IT,0.000342,0,
ebs dba,IT,0.000342,-1,
unix administrator,IT,0.000342,-1,
developer backend,IT,0.000342,1,
cloud consultant,IT,0.000342,-1,
azure cloud,IT,0.000342,-1,
process engineer,Manufacturing,0.004508,1,
operations wd,Manufacturing,0.003347,0,
reliability engineer,Manufacturing,0.003005,-1,
mechanical engineer,Manufacturing,0.003005,-1,
construction manager,Manufacturing,0.002732,-1,
qa engineer,Manufacturing,0.002459,0,
site reliability,Manufacturing,0.002459,-1,
civil structural,Manufacturing,0.002459,-1,
professional officer,Manufacturing,0.002391,-1,
quality assurance,Manufacturing,0.002254,0,
engineer mechanical,Manufacturing,0.002186,-1,
operations manager,Manufacturing,0.002117,-1,
operations engineer,Manufacturing,0.001981,1,
equipment engineer,Manufacturing,0.001981,-1,
structural engineer,Manufacturing,0.001913,-1,
field ser,Manufacturing,0.001700,-1,
quantity surveyor,Manufacturing,0.001639,-1,
facilities manager,Manufacturing,0.001571,-1,
supply chain,Manufacturing,0.001434,-1,
mechanical electrical,Manufacturing,0.001366,-1,
site engineer,Manufacturing,0.001298,0,
mechanical design,Manufacturing,0.001298,-1,
engineer nve,Manufacturing,0.001298,-1,
electronics engineer,Manufacturing,0.001230,-1,
electrical engineering,Manufacturing,0.001230,-1,
engineer manufacturing,Manufacturing,0.001161,0,
ic design,Manufacturing,0.001161,-1,
manufacturing engineer,Manufacturing,0.001093,-1,
civil engineer,Manufacturing,0.001093,-1,
manager construction,Manufacturing,0.001025,-1,
site manager,Manufacturing,0.001025,-1,
planning engineer,Manufacturing,0.000956,0,
quality engineer,Manufacturing,0.000956,0,
production manager,Manufacturing,0.000956,0,
manufacturing industrial,Manufacturing,0.000956,0,
engineer civil,Manufacturing,0.000888,-1,
electrical electronic,Manufacturing,0.000888,-1,
piping engineer,Manufacturing,0.000888,-1,
qa qc,Manufacturing,0.000820,0,
mechanical engineering,Manufacturing,0.000820,-1,
lta project,Manufacturing,0.000820,-1,
facilities engineer,Manufacturing,0.000820,-1,
operation manager,Manufacturing,0.000820,-1,
manager me,Manufacturing,0.000800,-1,
me engineer,Manufacturing,0.000800,-1,
oil gas,Manufacturing,0.000751,1,
quality manager,Manufacturing,0.000751,-1,
structural design,Manufacturing,0.000751,-1,
commissioning manager,Manufacturing,0.000751,-1,
power electronics,Manufacturing,0.000751,-1,
penetration tester,Manufacturing,0.000751,-1,
process equipment,Manufacturing,0.000683,1,
smart mfg,Manufacturing,0.000683,0,
manager energy,Manufacturing,0.000683,1,
engineer semicon,Manufacturing,0.000683,-1,
construction project,Manufacturing,0.000683,-1,
electrical instrumentation,Manufacturing,0.000683,-1,
engineer robotics,Manufacturing,0.000683,-1,
manager operations,Manufacturing,0.000683,-1,
food manufacturing,Manufacturing,0.000615,1,
incident response,Manufacturing,0.000615,0,
manager electrical,Manufacturing,0.000615,-1,
engineer machine,Manufacturing,0.000615,-1,
engineer power,Manufacturing,0.000615,-1,
maintenance engineer,Manufacturing,0.000615,-1,
infrastructure project,Manufacturing,0.000615,-1,
site project,Manufacturing,0.000600,-1,
me coordinator,Manufacturing,0.000600,-1,
me project,Manufacturing,0.000600,-1,
technical safety,Manufacturing,0.000546,-1,
planning manager,Manufacturing,0.000546,0,
safety engineer,Manufacturing,0.000546,0,
nve product,Manufacturing,0.000546,-1,
instrumentation engineer,Manufacturing,0.000546,-1,
manager semicon,Manufacturing,0.000546,-1,
main con,Manufacturing,0.000546,-1,
quality control,Manufacturing,0.000546,0,
field application,Manufacturing,0.000546,0,
engineer plc,Manufacturing,0.000546,-1,
chemical engineering,Manufacturing,0.000478,1,
dry etch,Manufacturing,0.000478,-1,
engineer site,Manufacturing,0.000478,-1,
construction site,Manufacturing,0.000478,-1,
building manager,Manufacturing,0.000478,-1,
robotics engineer,Manufacturing,0.000478,-1,
safety manager,Manufacturing,0.000478,-1,
maintenance manager,Manufacturing,0.000478,-1,
operations technology,Manufacturing,0.000478,0,
jurong island,Manufacturing,0.000410,1,
yield enhancement,Manufacturing,0.000410,1,
product yield,Manufacturing,0.000410,1,
nti engineer,Manufacturing,0.000410,-1,
dft engineer,Manufacturing,0.000410,-1,
nve pe,Manufacturing,0.000410,-1,
water treatment,Manufacturing,0.000410,-1,
engineer pharma,Manufacturing,0.000410,-1,
lifting engineer,Manufacturing,0.000410,-1,
commissioning engineer,Manufacturing,0.000410,-1,
manager piping,Manufacturing,0.000410,-1,
manager industry,Manufacturing,0.000410,-1,
quality engineering,Manufacturing,0.000410,0,
advanced manufacturing,Manufacturing,0.000410,-1,
incident manager,Manufacturing,0.000410,0,
production engineer,Manufacturing,0.000410,0,
engineer acmv,Manufacturing,0.000410,-1,
engineering electrical,Manufacturing,0.000410,-1,
bim coordinator,Manufacturing,0.000410,0,
qc manager,Manufacturing,0.000410,0,
engineer fpso,Manufacturing,0.000342,-1,
engineering material,Manufacturing,0.000342,-1,
building services,Manufacturing,0.000342,-1,
power systems,Manufacturing,0.000342,-1,
physical verification,Manufacturing,0.000342,-1,
manager civil,Manufacturing,0.000342,-1,
group operations,Manufacturing,0.000342,0,
manufacturing engineering,Manufacturing,0.000342,0,
electronics photonics,Manufacturing,0.000342,-1,
qa test,Manufacturing,0.000342,0,
piping steel,Manufacturing,0.000342,-1,
product test,Manufacturing,0.000342,0,
production services,Manufacturing,0.000342,0,
waste water,Manufacturing,0.000342,-1,
engineer fire,Manufacturing,0.000342,-1,
production test,Manufacturing,0.000342,0,
field applications,Manufacturing,0.000342,0,
hse manager,Manufacturing,0.000342,-1,
trust safety,Manufacturing,0.000342,-1,
manufacturing design,Manufacturing,0.000342,0,
electronics engineering,Manufacturing,0.000342,-1,
product manager,Marketing / Public Relations,0.011954,-1,
sales manager,Marketing / Public Relations,0.005874,-1,
account manager,Marketing / Public Relations,0.003757,-1,
group consumer,Marketing / Public Relations,0.002322,-1,
personnel customers,Marketing / Public Relations,0.002300,-1,
customers providedclient,Marketing / Public Relations,0.002300,-1,
providedclient relationship,Marketing / Public Relations,0.002100,-1,
client relationship,Marketing / Public Relations,0.001981,-1,
sales engineer,Marketing / Public Relations,0.001776,-1,
customer success,Marketing / Public Relations,0.001776,-1,
sales marketing,Marketing / Public Relations,0.001639,-1,
marketing manager,Marketing / Public Relations,0.001503,-1,
relationship marketing,Marketing / Public Relations,0.001434,-1,
manager business,Marketing / Public Relations,0.001366,-1,
personnel client,Marketing / Public Relations,0.001161,-1,
sales personnel,Marketing / Public Relations,0.001093,-1,
presales consultant,Marketing / Public Relations,0.001025,-1,
service manager,Marketing / Public Relations,0.000956,-1,
product marketing,Marketing / Public Relations,0.000888,-1,
services manager,Marketing / Public Relations,0.000888,-1,
contract manager,Marketing / Public Relations,0.000800,-1,
sales interior,Marketing / Public Relations,0.000751,-1,
product designer,Marketing / Public Relations,0.000751,-1,
technical sales,Marketing / Public Relations,0.000683,-1,
engagement manager,Marketing / Public Relations,0.000683,-1,
product management,Marketing / Public Relations,0.000683,-1,
contracts manager,Marketing / Public Relations,0.000615,-1,
technical account,Marketing / Public Relations,0.000615,-1,
presales engineer,Marketing / Public Relations,0.000615,-1,
customer service,Marketing / Public Relations,0.000615,-1,
key account,Marketing / Public Relations,0.000546,-1,
commercial manager,Marketing / Public Relations,0.000546,-1,
channel sales,Marketing / Public Relations,0.000546,-1,
relationship manager,Marketing / Public Relations,0.000478,-1,
field sales,Marketing / Public Relations,0.000478,-1,
accounts manager,Marketing / Public Relations,0.000410,-1,
manager national,Marketing / Public Relations,0.000410,-1,
administration manager,Marketing / Public Relations,0.000410,-1,
retail consultant,Marketing / Public Relations,0.000410,-1,
sales account,Marketing / Public Relations,0.000410,-1,
sales business,Marketing / Public Relations,0.000410,-1,
sales operations,Marketing / Public Relations,0.000410,-1,
manager sales,Marketing / Public Relations,0.000410,-1,
client acquisition,Marketing / Public Relations,0.000410,-1,
enterprise account,Marketing / Public Relations,0.000342,-1,
manager customer,Marketing / Public Relations,0.000342,-1,
communications manager,Marketing / Public Relations,0.000342,-1,
client success,Marketing / Public Relations,0.000342,0,
service sales,Marketing / Public Relations,0.000342,-1,
technical customer,Marketing / Public Relations,0.000342,-1,
client solutions,Marketing / Public Relations,0.000342,0,
recruitment consultant,Others,0.004235,-1,
manager manager,Others,0.003484,0,
service delivery,Others,0.002801,0,
engineer engineer,Others,0.002801,0,
medical de,Others,0.000900,-1,
interior designer,Others,0.000820,-1,
progression benefits,Others,0.000820,0,
gaming progression,Others,0.000820,-1,
consultant consultant,Others,0.000820,0,
manager life,Others,0.000751,-1,
security officer,Others,0.000683,-1,
medical device,Others,0.000683,-1,
threat hunter,Others,0.000683,-1,
legal counsel,Others,0.000615,-1,
manager product,Others,0.000615,-1,
developer group,Others,0.000615,0,
trainee recruitment,Others,0.000546,0,
growth markets,Others,0.000546,0,
technical technical,Others,0.000546,0,
soc threat,Others,0.000546,-1,
access management,Others,0.000478,-1,
incident responder,Others,0.000478,-1,
manager days,Others,0.000478,0,
matter expert,Others,0.000478,0,
systems ir,Others,0.000478,0,
manager ict,Others,0.000478,-1,
recruitment manager,Others,0.000410,-1,
admin mcsa,Others,0.000410,-1,
background advantage,Others,0.000410,-1,
manager food,Others,0.000410,-1,
qualified person,Others,0.000410,0,
management officer,Others,0.000410,-1,
manager corporate,Others,0.000410,-1,
functional business,Others,0.000410,-1,
public sector,Others,0.000410,0,
red team,Others,0.000410,0,
consultant recruitment,Others,0.000342,-1,
spring boot,Others,0.000342,0,
manager professional,Others,0.000342,0,
manager gaming,Others,0.000342,-1,
talend big,Others,0.000342,-1,
manager based,Others,0.000342,-1,
manager group,Others,0.000342,-1,
office operations,Others,0.000342,-1,
operating officer,Others,0.000342,0,
manager general,Others,0.000342,-1,
center network,Others,0.000342,0,
manager medical,Others,0.000342,-1,
hr manager,Others,0.000342,-1,
sd mm,Others,0.000342,-1,
corporate planning,Others,0.000342,0,
project application,Others,0.000342,0,
managed services,Others,0.000342,0,
ict policy,Others,0.000342,-1,
property manager,Others,0.000342,-1,
pharma biotech,Others,0.000342,-1,
strategic sourcing,Others,0.000342,-1,
research engineer,Sciences / Laboratory / R&D,0.010041,0,
research computer,Sciences / Laboratory / R&D,0.002186,-1,
research scientist,Sciences / Laboratory / R&D,0.001844,0,
engineer artc,Sciences / Laboratory / R&D,0.001844,-1,
engineer ime,Sciences / Laboratory / R&D,0.001571,-1,
science engineering,Sciences / Laboratory / R&D,0.001298,0,
scientist ime,Sciences / Laboratory / R&D,0.001298,-1,
intelligence ihpc,Sciences / Laboratory / R&D,0.001230,-1,
engineer research,Sciences / Laboratory / R&D,0.001161,0,
scientist machine,Sciences / Laboratory / R&D,0.001161,-1,
rd electrical,Sciences / Laboratory / R&D,0.001093,-1,
rd engineer,Sciences / Laboratory / R&D,0.000888,0,
scientist artc,Sciences / Laboratory / R&D,0.000888,-1,
life sciences,Sciences / Laboratory / R&D,0.000888,-1,
research officer,Sciences / Laboratory / R&D,0.000820,-1,
science engineer,Sciences / Laboratory / R&D,0.000751,0,
research electrical,Sciences / Laboratory / R&D,0.000751,-1,
rd mechanical,Sciences / Laboratory / R&D,0.000751,-1,
research engineering,Sciences / Laboratory / R&D,0.000683,0,
postdoctoral research,Sciences / Laboratory / R&D,0.000683,-1,
rd manager,Sciences / Laboratory / R&D,0.000615,-1,
scientist embedded,Sciences / Laboratory / R&D,0.000600,-1,
research manager,Sciences / Laboratory / R&D,0.000546,-1,
research power,Sciences / Laboratory / R&D,0.000546,-1,
research research,Sciences / Laboratory / R&D,0.000546,-1,
science ihpc,Sciences / Laboratory / R&D,0.000478,-1,
systems science,Sciences / Laboratory / R&D,0.000478,-1,
life science,Sciences / Laboratory / R&D,0.000478,-1,
laboratory manager,Sciences / Laboratory / R&D,0.000478,-1,
materials imre,Sciences / Laboratory / R&D,0.000478,-1,
research materials,Sciences / Laboratory / R&D,0.000410,-1,
computing ihpc,Sciences / Laboratory / R&D,0.000410,-1,
science computer,Sciences / Laboratory / R&D,0.000410,0,
scientist systems,Sciences / Laboratory / R&D,0.000342,-1,
scientist natural,Sciences / Laboratory / R&D,0.000342,-1,
research chemistry,Sciences / Laboratory / R&D,0.000342,-1,
research mechanical,Sciences / Laboratory / R&D,0.000342,-1,
research quantum,Sciences / Laboratory / R&D,0.000342,-1,
scientist image,Sciences / Laboratory / R&D,0.000342,-1,
scientist aural,Sciences / Laboratory / R&D,0.000342,-1,
science chemistry,Sciences / Laboratory / R&D,0.000342,-1,
scientist advanced,Sciences / Laboratory / R&D,0.000342,0,
photonics ihpc,Sciences / Laboratory / R&D,0.000342,-1,
agtech venture,Sustainability,0.000956,0,
energy storage,Sustainability,0.000478,0,
advanced sustainable,Sustainability,0.000342,-1,
sustainable materials,Sustainability,0.000342,-1,